round,worker_name,hostname,mode,ratio_used,allocated_samples,trained_samples,cpu_util,gpu_util,throughput,memory_headroom,time,train_seconds,total_seconds,request_seconds,samples_per_sec_train,samples_per_sec_total,iteration_time,loss,acc,shard_zip_bytes,avg_cpu_percent,max_cpu_percent,avg_memory_percent,max_memory_percent,avg_gpu_util_percent,max_gpu_util_percent,avg_gpu_memory_used_mb,max_gpu_memory_used_mb,avg_gpu_memory_percent,max_gpu_memory_percent
1,B,uol-pc-055691.leeds.ac.uk,stats_only_no_weight_sync,0.3333,33330,66660,21.98765432,83.32098765,478.277473,71.97283951,139.3751614,42.84842443,139.3751614,143.9618564,1555.716479,478.277473,0.041121329,4.843567437,0.044929493,65828528,21.98765432,59.1,28.02716049,29.2,83.32098765,99,1517.950617,1614,12.35914849,13.14118222
1,C,uol-pc-8kmklh3.leeds.ac.uk,stats_only_no_weight_sync,0.3333,33330,66660,34.19268293,82.86585366,427.7694778,73.90609756,155.8315949,43.98668003,155.8315949,160.7041802,1515.45877,427.7694778,0.042213704,4.820218469,0.047869787,65928535,34.19268293,68.4,26.09390244,27.6,82.86585366,99,1517.219512,1602,14.8165968,15.64453125
1,D,uol-bcpqk000684.leeds.ac.uk,stats_only_no_weight_sync,0.3334,33340,66680,39.60204082,77.81632653,518.0576977,71.43061224,128.7115321,26.17887616,128.7115321,133.2395585,2547.091769,518.0576977,0.025123682,4.825410617,0.045815837,65998942,39.60204082,59.4,28.56938776,30.6,77.81632653,99,1724.571429,1868,10.5782459,11.45801386
2,B,uol-pc-055691.leeds.ac.uk,stats_only_no_weight_sync,0.334941123,33494,66988,23.12972973,92.83783784,478.2268417,71.07027027,140.0757844,38.9289515,140.0757844,144.0577824,1720.77586,478.2268417,0.037145946,4.816889658,0.046202305,66203486,23.12972973,56.9,28.92972973,29.8,92.83783784,99,1614,1614,13.14118222,13.14118222
2,C,uol-pc-8kmklh3.leeds.ac.uk,stats_only_no_weight_sync,0.310703229,31070,62140,38.1016129,93.80645161,464.4365375,73.22096774,133.7965362,37.41825509,133.7965362,137.3298864,1660.686738,464.4365375,0.038496147,4.858461458,0.042307692,61424188,38.1016129,55.2,26.77903226,27.7,93.80645161,99,1552.258065,1604,15.15877016,15.6640625
2,D,uol-bcpqk000684.leeds.ac.uk,stats_only_no_weight_sync,0.354355648,35436,70872,44.74761905,91.26190476,559.8973483,70.47142857,126.5803459,24.57561707,126.5803459,130.6648958,2883.833996,559.8973483,0.02218016,4.80589722,0.047663393,70127748,44.74761905,68.4,29.52857143,30.7,91.26190476,99,1826.571429,1872,11.20389762,11.48254922
3,B,uol-pc-055691.leeds.ac.uk,stats_only_no_weight_sync,0.323647145,32364,64728,23.48955224,93.80597015,500.7724418,71.04776119,129.256314,37.6228199,129.256314,133.1299391,1720.445202,500.7724418,0.0371767,4.836684228,0.042933506,63966653,23.48955224,56.7,28.95223881,30.1,93.80597015,99,1590.895522,1615,12.95306564,13.14932421
3,C,uol-pc-8kmklh3.leeds.ac.uk,stats_only_no_weight_sync,0.310033824,31003,62006,38.99855072,90.55072464,419.1294475,71.61014493,147.939975,37.36215186,147.939975,151.5386543,1659.593918,419.1294475,0.038517682,4.847108449,0.042721672,61314002,38.99855072,81.2,28.38985507,30.4,90.55072464,99,1602,1602,15.64453125,15.64453125
3,D,uol-bcpqk000684.leeds.ac.uk,stats_only_no_weight_sync,0.366319031,36633,73266,48.72093023,88.18604651,587.444996,67.85581395,124.7197618,25.18963695,124.7197618,128.8197591,2908.577053,587.444996,0.021980486,4.807080394,0.047143286,72474554,48.72093023,66.3,32.14418605,33.2,88.18604651,98,1829.44186,1873,11.22150439,11.48868306
4,B,uol-pc-055691.leeds.ac.uk,stats_only_no_weight_sync,0.329364601,32936,65872,21.74444444,91.91666667,473.8314489,70.61666667,139.0198987,37.9948957,139.0198987,164.0811203,1733.706562,473.8314489,0.036888248,4.835367337,0.045876852,65098760,21.74444444,56.4,29.38333333,30.2,91.91666667,99,1603.888889,1614,13.05885759,13.14118222
4,C,uol-pc-8kmklh3.leeds.ac.uk,stats_only_no_weight_sync,0.28873742,28873,57746,35.93333333,90.36363636,426.6922257,72.76060606,135.3340805,34.98823237,135.3340805,161.5119689,1650.440622,426.6922257,0.038703797,4.868020658,0.041284245,57138069,35.93333333,72.7,27.23939394,28,90.36363636,98,1609.69697,1610,15.71969697,15.72265625
4,D,uol-bcpqk000684.leeds.ac.uk,stats_only_no_weight_sync,0.381897979,38191,76382,43.63333333,85.625,571.2071631,70.83333333,133.7203119,25.61604404,133.7203119,162.1068664,2981.803118,571.2071631,0.021453973,4.787294975,0.049972507,75518238,43.63333333,64.6,29.16666667,29.9,85.625,97,1872,1872,11.48254922,11.48254922
5,B,uol-pc-055691.leeds.ac.uk,stats_only_no_weight_sync,0.324314565,32431,64862,23.16571429,92.48571429,477.8648947,70.50571429,135.7329252,37.30112815,135.7329252,139.4528637,1738.875021,477.8648947,0.036786122,4.836313611,0.043461503,64131163,23.16571429,57.4,29.49428571,30.2,92.48571429,99,1600,1600,13.02719427,13.02719427
5,C,uol-pc-8kmklh3.leeds.ac.uk,stats_only_no_weight_sync,0.290628531,29062,58124,36.53770492,92.1147541,413.4639012,72.66721311,140.5781734,34.95858359,140.5781734,143.735173,1662.653175,413.4639012,0.038416026,4.878702062,0.042632992,57494835,36.53770492,80,27.33278689,28.4,92.1147541,99,1585.57377,1612,15.48411885,15.7421875
5,D,uol-bcpqk000684.leeds.ac.uk,stats_only_no_weight_sync,0.385056904,38507,77014,42.384,88.48,563.0133294,70.852,136.7889462,26.26823664,136.7889462,140.8244781,2931.829839,563.0133294,0.021817472,4.779859238,0.052016516,76129337,42.384,62.9,29.148,30.2,88.48,99,1858,1858,11.39667546,11.39667546
1,B,uol-pc-055691.leeds.ac.uk,stats_only_no_weight_sync,0.3333,33330,66660,21.54594595,92.86486486,461.950268,70.34054054,144.3012476,38.88674641,144.3012476,148.4546759,1714.208726,461.950268,0.037319334,4.841661889,0.04519952,65828528,21.54594595,52.5,29.65945946,30.4,92.86486486,99,1614.054054,1616,13.14162233,13.15746621
1,C,uol-pc-8kmklh3.leeds.ac.uk,stats_only_no_weight_sync,0.3333,33330,66660,36.20540541,91.40540541,429.4549723,71.9,155.2199981,39.68281078,155.2199981,159.4003205,1679.820524,429.4549723,0.038083312,4.835921623,0.044239424,65928535,36.20540541,77.1,28.1,29,91.40540541,99,1614,1614,15.76171875,15.76171875
1,D,uol-bcpqk000684.leeds.ac.uk,stats_only_no_weight_sync,0.3334,33340,66680,42.3,83.72727273,552.0854605,70.90454545,120.7784026,23.11641383,120.7784026,124.9380317,2884.530468,552.0854605,0.022184658,4.830214343,0.046820636,65998942,42.3,60.7,29.09545455,29.8,83.72727273,99,1872,1872,11.48254922,11.48254922
2,B,uol-pc-055691.leeds.ac.uk,stats_only_no_weight_sync,0.324060319,32406,64812,22.81549296,89.63380282,400.8572568,70.70985915,161.6834893,39.78129148,161.6834893,165.5826271,1629.208042,400.8572568,0.039232043,4.856261848,0.043047584,64030717,22.81549296,40.9,29.29014085,30.5,89.63380282,99,1586.478873,1616,12.9171053,13.15746621
2,C,uol-pc-8kmklh3.leeds.ac.uk,stats_only_no_weight_sync,0.308809003,30880,61760,37.44,93.15384615,345.2901474,72.09846154,178.8640668,37.17502809,178.8640668,182.5832157,1661.330285,345.2901474,0.038483466,4.845508618,0.044802461,61066600,37.44,66.2,27.90153846,29,93.15384615,99,1587.2,1612,15.5,15.7421875
2,D,uol-bcpqk000684.leeds.ac.uk,stats_only_no_weight_sync,0.367130678,36714,73428,39.73076923,77.11538462,470.9689278,70.10384615,155.9083745,29.89845657,155.9083745,160.0278225,2455.912726,470.9689278,0.026043952,4.795878335,0.049204663,72658135,39.73076923,56.3,29.89615385,31.1,77.11538462,99,1836.807692,1873,11.26668523,11.48868306
3,B,uol-pc-055691.leeds.ac.uk,stats_only_no_weight_sync,0.32792467,32792,65584,22.81212121,95.21212121,427.8607448,69.04848485,153.2835176,38.35033011,153.2835176,157.0391703,1710.128695,427.8607448,0.037378489,4.83873277,0.043196511,64829140,22.81212121,32.9,30.95151515,32.7,95.21212121,99,1565.090909,1614,12.74296457,13.14118222
3,C,uol-pc-8kmklh3.leeds.ac.uk,stats_only_no_weight_sync,0.29162228,29162,58324,36.02903226,92.24193548,377.8408183,71.78709677,154.3613002,35.49035859,154.3613002,157.5470545,1643.3759,377.8408183,0.038914867,4.869586076,0.042846855,57649300,36.02903226,68.1,28.21290323,29.6,92.24193548,99,1584.032258,1610,15.46906502,15.72265625
3,D,uol-bcpqk000684.leeds.ac.uk,stats_only_no_weight_sync,0.380453051,38046,76092,42.456,87.6,520.6556346,67.672,146.1465025,26.57517385,146.1465025,150.1786816,2863.273837,520.6556346,0.022332079,4.794869745,0.049453293,75276894,42.456,56.1,32.328,33.6,87.6,99,1872,1872,11.48254922,11.48254922
4,B,uol-pc-055691.leeds.ac.uk,stats_only_no_weight_sync,0.324049508,32404,64808,25.15492958,92.11267606,461.9218095,70.4943662,140.3008013,37.8006742,140.3008013,143.9806988,1714.466775,461.9218095,0.037278771,4.830837655,0.046120849,64044518,25.15492958,57.3,29.5056338,30.7,92.11267606,99,1618.056338,1622,13.17420891,13.20631819
4,C,uol-pc-8kmklh3.leeds.ac.uk,stats_only_no_weight_sync,0.28817804,28817,57634,34.79666667,92.58333333,419.9034278,72.72833333,137.2553692,34.45669103,137.2553692,140.4971964,1672.650457,419.9034278,0.038200323,4.864151084,0.042631086,57026393,34.79666667,76.6,27.27166667,28.1,92.58333333,99,1583.166667,1610,15.46061198,15.72265625
4,D,uol-bcpqk000684.leeds.ac.uk,stats_only_no_weight_sync,0.387772451,38779,77558,45.90204082,89.71428571,552.2126951,68.74897959,140.4495056,26.40571165,140.4495056,144.465281,2937.167573,552.2126951,0.021786891,4.788965563,0.04985946,76684147,45.90204082,64.3,31.25102041,32.2,89.71428571,97,1872,1872,11.48254922,11.48254922
1,B,uol-pc-055691.leeds.ac.uk,stats_only_no_weight_sync,0.3333,33330,66660,23.49722222,92.63888889,466.8425958,71.12777778,142.789027,38.22506094,142.789027,146.9412551,1743.882112,466.8425958,0.03668432,4.843363315,0.044194419,65828528,23.49722222,60.3,28.87222222,29.9,92.63888889,99,1624,1624,13.22260218,13.22260218
1,C,uol-pc-8kmklh3.leeds.ac.uk,stats_only_no_weight_sync,0.3333,33330,66660,33.69459459,92.05405405,409.7237415,73.01081081,162.6949899,39.59230566,162.6949899,166.8702497,1683.660471,409.7237415,0.037996455,4.835586434,0.043249325,65928535,33.69459459,70.7,26.98918919,27.7,92.05405405,99,1612,1612,15.7421875,15.7421875
1,D,uol-bcpqk000684.leeds.ac.uk,stats_only_no_weight_sync,0.3334,33340,66680,41.76818182,86.90909091,545.8512167,67.8,122.1578298,23.16391611,122.1578298,126.3070595,2878.615156,545.8512167,0.022230246,4.825496356,0.046595681,65998942,41.76818182,61.3,32.2,33.5,86.90909091,98,1873,1873,11.48868306,11.48868306
2,B,uol-pc-055691.leeds.ac.uk,stats_only_no_weight_sync,0.32935111,32935,65870,24.04722222,92.75,472.5812849,70.31666667,139.3834291,38.12571454,139.3834291,143.2273526,1727.705324,472.5812849,0.037015257,4.849694105,0.044314559,65090388,24.04722222,59.6,29.68333333,30.3,92.75,99,1622,1622,13.20631819,13.20631819
2,C,uol-pc-8kmklh3.leeds.ac.uk,stats_only_no_weight_sync,0.302440144,30244,60488,32.98529412,88.88235294,414.7550577,72.85,145.8402951,36.25463271,145.8402951,149.2977765,1668.42126,414.7550577,0.038324136,4.86017772,0.043281312,59798257,32.98529412,71.1,27.15,28.1,88.88235294,99,1610,1610,15.72265625,15.72265625
2,D,uol-bcpqk000684.leeds.ac.uk,stats_only_no_weight_sync,0.368208746,36821,73642,42.91860465,88.62790698,527.8493669,67.31627907,139.5132866,25.1147716,139.5132866,143.5659506,2932.218583,527.8493669,0.021801017,4.800462415,0.048572825,72866817,42.91860465,61.2,32.68372093,33.7,88.62790698,99,1828.465116,1872,11.2155132,11.48254922
3,B,uol-pc-055691.leeds.ac.uk,stats_only_no_weight_sync,0.332397486,33239,66478,23.80724638,93.88405797,476.6430527,70.28550725,139.4712451,38.68613172,139.4712451,143.3495393,1718.39357,476.6430527,0.037198204,4.841903808,0.043879178,65720958,23.80724638,47.1,29.71449275,30.6,93.88405797,99,1598.492754,1622,13.01492227,13.20631819
3,C,uol-pc-8kmklh3.leeds.ac.uk,stats_only_no_weight_sync,0.296642206,29664,59328,34.52727273,90.24242424,421.774195,72.86666667,140.6629441,35.39621377,140.6629441,143.8944092,1676.111473,421.774195,0.038142472,4.871720488,0.042121764,58643830,34.52727273,74.3,27.13333333,27.8,90.24242424,99,1612,1612,15.7421875,15.7421875
3,D,uol-bcpqk000684.leeds.ac.uk,stats_only_no_weight_sync,0.370960308,37097,74194,43.02954545,88.13636364,521.7273474,68.04318182,142.2083783,25.65742755,142.2083783,146.5296586,2891.716243,521.7273474,0.022118472,4.823651752,0.04825188,73390407,43.02954545,54.8,31.95681818,33,88.13636364,99,1829.454545,1872,11.2215822,11.48254922
1,B,uol-pc-055691.leeds.ac.uk,stats_only_no_weight_sync,0.3333,33330,66660,22.75652174,93.62318841,398.1230247,68.9884058,167.4356816,38.85342956,167.4356816,171.8741961,1715.678661,398.1230247,0.03728736,4.838975469,0.044119412,65828528,22.75652174,44.3,31.0115942,32.1,93.62318841,99,1612.57971,1637,13.12961822,13.32844814
1,C,uol-pc-8kmklh3.leeds.ac.uk,stats_only_no_weight_sync,0.3333,33330,66660,36.3,92.9,354.5201739,72.40571429,188.0287919,39.98002195,188.0287919,192.2167025,1667.332751,354.5201739,0.038368543,4.83466713,0.045034503,65928535,36.3,71,27.59428571,28.3,92.9,99,1582.071429,1605,15.44991629,15.67382813
1,D,uol-bcpqk000684.leeds.ac.uk,stats_only_no_weight_sync,0.3334,33340,66680,41.34651163,81.74418605,439.1452318,68.11395349,151.8404281,25.27696085,151.8404281,156.0042746,2637.975364,439.1452318,0.02425812,4.816544159,0.047420516,65998942,41.34651163,56.2,31.88604651,32.8,81.74418605,98,1822.604651,1866,11.17956604,11.44574618
2,B,uol-pc-055691.leeds.ac.uk,stats_only_no_weight_sync,0.333718822,33371,66742,21.67567568,89.7027027,438.1347268,68.96486486,152.3321388,38.95091414,152.3321388,156.2788522,1713.489952,438.1347268,0.037309305,4.832744839,0.044469749,65958964,21.67567568,57.8,31.03513514,32.2,89.7027027,99,1648,1648,13.4180101,13.4180101
2,C,uol-pc-8kmklh3.leeds.ac.uk,stats_only_no_weight_sync,0.308695538,30869,61738,36.23333333,92.18181818,399.4642505,70.61818182,154.5520029,37.73786998,154.5520029,158.0537863,1635.969387,399.4642505,0.039066118,4.852849412,0.043684603,61031688,36.23333333,77.8,29.38181818,32.3,92.18181818,99,1582.151515,1610,15.45069839,15.72265625
2,D,uol-bcpqk000684.leeds.ac.uk,stats_only_no_weight_sync,0.357585641,35760,71520,41.56444444,83.86666667,499.8467635,67.58666667,143.0838513,26.33614659,143.0838513,147.1672986,2715.659246,499.8467635,0.023556482,4.802421961,0.048965324,70764733,41.56444444,54.1,32.41333333,33.9,83.86666667,99,1838.222222,1880,11.27536173,11.53161995
3,B,uol-pc-055691.leeds.ac.uk,stats_only_no_weight_sync,0.329436467,32943,65886,22.0140625,94.8125,457.9018451,68.9828125,143.8867319,38.18424201,143.8867319,147.7354088,1725.476179,457.9018451,0.03707208,4.858686892,0.041632517,65132591,22.0140625,33.9,31.0171875,31.8,94.8125,99,1584.46875,1648,12.90073889,13.4180101
3,C,uol-pc-8kmklh3.leeds.ac.uk,stats_only_no_weight_sync,0.302630929,30263,60526,36.1015625,92.453125,408.7827764,71.8546875,148.0639682,36.67516994,148.0639682,151.5454822,1650.326368,408.7827764,0.038768679,4.85053038,0.044708059,59834951,36.1015625,69.8,28.1453125,29,92.453125,99,1581.890625,1607,15.44815063,15.69335938
3,D,uol-bcpqk000684.leeds.ac.uk,stats_only_no_weight_sync,0.367932604,36794,73588,42.13333333,86.88888889,525.9327602,67.51333333,139.9190269,26.36633706,139.9190269,143.9872549,2790.983057,525.9327602,0.02292725,4.812990476,0.048227972,72787754,42.13333333,59.8,32.48666667,33.4,86.88888889,99,1824.533333,1866,11.19139627,11.44574618
4,B,uol-pc-055691.leeds.ac.uk,stats_only_no_weight_sync,0.329081147,32908,65816,22.92916667,92.41666667,465.8967696,68.75138889,141.2673457,38.41344619,141.2673457,174.3982687,1713.358382,465.8967696,0.037294608,4.841265028,0.04506503,65043958,22.92916667,59.9,31.24861111,32.7,92.41666667,99,1634,1634,13.30402215,13.30402215
4,C,uol-pc-8kmklh3.leeds.ac.uk,stats_only_no_weight_sync,0.296825789,29682,59364,37.14516129,93.16129032,413.2329499,73.27419355,143.6574697,35.5602715,143.6574697,178.4148831,1669.391079,413.2329499,0.038319258,4.877309461,0.041085506,58724990,37.14516129,71.9,26.72580645,27.8,93.16129032,99,1576.16129,1602,15.3922001,15.64453125
4,D,uol-bcpqk000684.leeds.ac.uk,stats_only_no_weight_sync,0.374093065,37410,74820,46.15227273,90.45454545,511.8853471,69.59545455,146.1655436,25.79912066,146.1655436,182.5280881,2900.098843,511.8853471,0.02205053,4.801982959,0.04918471,73986116,46.15227273,64.1,30.40454545,31.2,90.45454545,99,1839.227273,1882,11.28152655,11.54388763
