round,worker_name,hostname,mode,ratio_used,allocated_samples,trained_samples,cpu_util,gpu_util,throughput,memory_headroom,time,train_seconds,total_seconds,request_seconds,samples_per_sec_train,samples_per_sec_total,iteration_time,loss,acc,shard_zip_bytes,avg_cpu_percent,max_cpu_percent,avg_memory_percent,max_memory_percent,avg_gpu_util_percent,max_gpu_util_percent,avg_gpu_memory_used_mb,max_gpu_memory_used_mb,avg_gpu_memory_percent,max_gpu_memory_percent
1,B,uol-pc-055691.leeds.ac.uk,stats_only_no_weight_sync,0.3333,33330,66660,21.3617283950617,83.5432098765432,415.552037745672,72.3432098765432,160.413122653961,42.9183418750763,160.413122653961,165.21950173378,1553.18209156424,415.552037745672,0.041188427903144,4.83525088495082,0.045319531953195,65828528,21.3617283950617,53.5,27.6567901234568,30.3,83.5432098765432,99,1516.79012345679,1616,12.3496997513173,13.1574662107149
1,C,uol-pc-8kmklh3.leeds.ac.uk,stats_only_no_weight_sync,0.3333,33330,66660,32.8333333333333,80.8095238095238,379.397148775564,74.1642857142857,175.699791669846,45.0704336166382,175.699791669846,180.563360214233,1479.01838635499,379.397148775564,0.043253775063952,4.84010460524812,0.043879387938794,65928535,32.8333333333333,75.9,25.8357142857143,28.1,80.8095238095238,99,1495.19047619048,1598,14.6014694940476,15.60546875
1,D,uol-bcpqk000684.leeds.ac.uk,stats_only_no_weight_sync,0.3334,33340,66680,43.9454545454545,87.0454545454546,469.628193428524,70.5545454545455,141.984661340714,28.7610454559326,141.984661340714,146.618906259537,2318.41363702048,469.628193428524,0.027601771070953,4.84018069998404,0.045410917816437,65998942,43.9454545454545,57.6,29.4454545454545,31.1,87.0454545454546,97,1804.81818181818,1868,11.0704666737299,11.4580138624793
2,B,uol-pc-055691.leeds.ac.uk,stats_only_no_weight_sync,0.329872763265308,32987,65974,22.5847222222222,92.1388888888889,440.440182464771,71.175,149.79105591774,38.2909302711487,149.79105591774,153.97777223587,1722.96675825894,440.440182464771,0.037103614603826,4.85015135685658,0.043956710219177,65195450,22.5847222222222,52.3,28.825,29.6,92.1388888888889,99,1617,1617,13.1656082071324,13.1656082071324
2,C,uol-pc-8kmklh3.leeds.ac.uk,stats_only_no_weight_sync,0.311007112878857,31100,62200,36.6046153846154,93.2461538461538,408.873219199444,72.8938461538462,152.125395059586,37.0318493843079,152.125395059586,155.849489927292,1679.63526084001,408.873219199444,0.038098610477683,4.85435355655633,0.044469453376206,61486965,36.6046153846154,77.8,27.1061538461538,28.3,93.2461538461538,99,1576.36923076923,1601,15.3942307692308,15.634765625
2,D,uol-bcpqk000684.leeds.ac.uk,stats_only_no_weight_sync,0.359120123855835,35913,71826,42.3116279069768,90.5348837209302,470.288359878159,68.253488372093,152.727573394775,25.0220704078674,152.727573394775,156.822552204132,2870.50587058601,470.288359878159,0.02226162847675,4.83106717731615,0.046125358505277,71072952,42.3116279069768,63.6,31.746511627907,33.2,90.5348837209302,99,1822.18604651163,1871,11.1769983838044,11.4764153836717
1,B,uol-pc-055691.leeds.ac.uk,stats_only_no_weight_sync,0.3333,33330,66660,21.7694444444444,89.8333333333333,468.316090021982,71.1694444444444,142.339760303497,38.3928458690643,142.339760303497,146.482271194458,1736.26097495712,468.316090021982,0.036845341525014,4.86210675820409,0.043084308430843,65828528,21.7694444444444,53.7,28.8305555555556,29.7,89.8333333333333,99,1619,1619,13.1818921999674,13.1818921999674
1,C,uol-pc-8kmklh3.leeds.ac.uk,stats_only_no_weight_sync,0.3333,33330,66660,35.4742424242424,94.1515151515152,409.174619845278,72.5409090909091,162.913330316544,39.7065253257751,162.913330316544,167.09195971489,1678.81725870202,409.174619845278,0.038106070370226,4.82821160261244,0.045619561956196,65928535,35.4742424242424,48.6,27.4590909090909,28.7,94.1515151515152,99,1553.45454545455,1602,15.1704545454545,15.64453125
1,D,uol-bcpqk000684.leeds.ac.uk,stats_only_no_weight_sync,0.3334,33340,66680,44.7615384615385,90.6153846153846,527.983164568381,71.1307692307692,126.291905641556,23.0097105503082,126.291905641556,130.437499761581,2897.90694473151,527.983164568381,0.022082255806438,4.83060736905048,0.045500899820036,65998942,44.7615384615385,64.1,28.8692307692308,29.7,90.6153846153846,99,1831.79487179487,1880,11.235937384499,11.531619947249
2,B,uol-pc-055691.leeds.ac.uk,stats_only_no_weight_sync,0.333771947590244,33377,66754,21.7486486486486,90.6486486486486,474.514638767013,68.872972972973,140.678483963013,38.9930684566498,140.678483963013,164.193045377731,1711.94529289772,474.514638767013,0.037349682429741,4.84197297277547,0.045075950504839,65971202,21.7486486486486,55.8,31.127027027027,32.2,90.6486486486486,99,1616.54054054054,1621,13.1618672898595,13.1981761928025
2,C,uol-pc-8kmklh3.leeds.ac.uk,stats_only_no_weight_sync,0.304867074304712,30486,60972,34.9784615384615,92.8307692307692,434.601582702304,69.3169230769231,140.294012784958,37.2434287071228,140.294012784958,177.914425134659,1637.12102017984,434.601582702304,0.039039233445621,4.8412659756352,0.043347766187758,60270914,34.9784615384615,79.6,30.6830769230769,32.1,92.8307692307692,99,1580.01538461538,1605,15.4298377403846,15.673828125
2,D,uol-bcpqk000684.leeds.ac.uk,stats_only_no_weight_sync,0.361360978105044,36137,72274,41.4434782608696,87.5652173913043,511.471677290752,68.5347826086957,141.305967092514,24.5817582607269,141.305967092514,179.213701248169,2940.14769950238,511.471677290752,0.021753768372325,4.79265033210766,0.049353847856767,71513280,41.4434782608696,59.2,31.4652173913043,32.6,87.5652173913043,97,1877.78260869565,1883,11.5180188228894,11.5500214684414
1,B,uol-pc-055691.leeds.ac.uk,stats_only_no_weight_sync,0.3333,33330,66660,22.6428571428571,94.9428571428571,487.296805847967,72.08,136.795479059219,39.7548158168793,136.795479059219,141.030937194824,1676.77798601942,487.296805847967,0.038152414411592,4.83394309520865,0.046084608460846,65828528,22.6428571428571,26.9,27.92,29,94.9428571428571,99,1642.68571428571,1691,13.3747412008282,13.768115942029
1,C,uol-pc-8kmklh3.leeds.ac.uk,stats_only_no_weight_sync,0.3333,33330,66660,36.0506666666667,90.8533333333333,416.460678627144,73.9786666666667,160.063130617142,40.8422338962555,160.063130617142,164.338934898376,1632.13403481614,416.460678627144,0.039196001819823,4.82546570244545,0.045814581458146,65928535,36.0506666666667,69.5,26.0213333333333,27.1,90.8533333333333,99,1621.34666666667,1667,15.8334635416667,16.279296875
1,D,uol-bcpqk000684.leeds.ac.uk,stats_only_no_weight_sync,0.3334,33340,66680,41.2454545454546,83.8636363636364,549.221306810799,68.1227272727273,121.408254146576,23.9159348011017,121.408254146576,125.636707305908,2788.09925493393,549.221306810799,0.022951952784167,4.84320109415426,0.045275944811038,65998942,41.2454545454546,57.5,31.8772727272727,33.3,83.8636363636364,99,1878.81818181818,1942,11.5243708631429,11.9119180518923
2,B,uol-pc-055691.leeds.ac.uk,stats_only_no_weight_sync,0.333881973032987,33388,66776,22.3972602739726,92.4383561643836,479.06810029562,70.9780821917808,139.387281179428,39.0104548931122,139.387281179428,143.289444208145,1711.74625322788,479.06810029562,0.037366336104514,4.82729787384948,0.045974601653289,65993746,22.3972602739726,44.3,29.0219178082192,30.2,92.4383561643836,99,1616,1616,13.1574662107149,13.1574662107149
2,C,uol-pc-8kmklh3.leeds.ac.uk,stats_only_no_weight_sync,0.302648008448336,30264,60528,34.0558823529412,88.6176470588235,427.50981567886,73.4970588235294,141.582714080811,36.4391047954559,141.582714080811,144.97404050827,1661.07263994993,427.50981567886,0.038519138261581,4.85572864610368,0.044144858577848,59829786,34.0558823529412,72.6,26.5029411764706,27.2,88.6176470588235,99,1633.64705882353,1667,15.9535845588235,16.279296875
2,D,uol-bcpqk000684.leeds.ac.uk,stats_only_no_weight_sync,0.363470018518677,36348,72696,42.0217391304348,87.2608695652174,543.140622755203,65.6478260869565,133.843791007996,24.7039351463318,133.843791007996,137.899084329605,2942.68907238426,543.140622755203,0.021746421783743,4.82090765813062,0.046660063827446,71931871,42.0217391304348,66.3,34.3521739130435,35.7,87.2608695652174,97,1926.26086956522,1943,11.8153767378103,11.9180518922898
3,B,uol-pc-055691.leeds.ac.uk,stats_only_no_weight_sync,0.330703840714598,33070,66140,21.8608695652174,94.6231884057971,462.434728751247,71.1144927536232,143.025590181351,38.9174633026123,143.025590181351,146.854028463364,1699.49411876391,462.434728751247,0.037637778822643,4.8258053990264,0.045721197459934,65384750,21.8608695652174,45.3,28.8855072463768,30.1,94.6231884057971,99,1582.3768115942,1616,12.8837063311692,13.1574662107149
3,C,uol-pc-8kmklh3.leeds.ac.uk,stats_only_no_weight_sync,0.299463013860464,29946,59892,37.6424242424242,87.2727272727273,426.240622322181,71.8,140.512182235718,35.8172183036804,140.512182235718,143.320961236954,1672.15665639355,426.240622322181,0.038266258871454,4.87734736508042,0.041708408468577,59201529,37.6424242424242,79.7,28.2,29.2,87.2727272727273,99,1604,1604,15.6640625,15.6640625
3,D,uol-bcpqk000684.leeds.ac.uk,stats_only_no_weight_sync,0.369833145424939,36984,73968,44.6232558139535,88.5348837209302,541.720195264109,68.2813953488372,136.542814254761,25.2114295959473,136.542814254761,140.599274396896,2933.90740570659,541.720195264109,0.021809195152204,4.81071471832749,0.047763897901795,73169013,44.6232558139535,59.5,31.7186046511628,32.5,88.5348837209302,99,1817.79069767442,1866,11.1500380155457,11.4457461816844
4,B,uol-pc-055691.leeds.ac.uk,stats_only_no_weight_sync,0.325678467860201,32567,65134,22.3325581395349,69.7906976744186,465.790151839328,71.2372093023256,139.835502624512,43.6307351589203,139.835502624512,143.655079603195,1492.8467229066,465.790151839328,0.042859268328998,4.84144382511654,0.043387478122025,64370714,22.3325581395349,36.4,28.7627906976744,29.4,69.7906976744186,99,1616,1616,13.1574662107149,13.1574662107149
4,C,uol-pc-8kmklh3.leeds.ac.uk,stats_only_no_weight_sync,0.301045088495239,30104,60208,40.2628571428571,84.7714285714286,373.421722253867,73.3057142857143,161.233255624771,38.9955856800079,161.233255624771,164.676992177963,1543.96963015399,373.421722253867,0.041396587770709,4.87582467402545,0.03926388519798,59559785,40.2628571428571,71.3,26.6942857142857,27.6,84.7714285714286,99,1602,1602,15.64453125,15.64453125
4,D,uol-bcpqk000684.leeds.ac.uk,stats_only_no_weight_sync,0.373276443644559,37329,74658,34.0848484848485,65.8787878787879,461.773212343611,68.6333333333333,161.676766872406,34.5551590919495,161.676766872406,165.751509428024,2160.54568874474,461.773212343611,0.029584896482834,4.81305918488777,0.047751078250154,73824594,34.0848484848485,57.7,31.3666666666667,31.9,65.8787878787879,97,1874.48484848485,1875,11.4977908880872,11.5009507452616
1,B,uol-pc-055691.leeds.ac.uk,stats_only_no_weight_sync,0.3333,33330,66660,23.831884057971,94.6521739130435,476.280186972102,71.0101449275362,139.959632635117,38.9737954139709,139.959632635117,144.407187700272,1710.37999486456,476.280186972102,0.037402874677515,4.82685469372152,0.045979597959796,65828528,23.831884057971,52.8,28.9898550724638,30.1,94.6521739130435,99,1641.85507246377,1666,13.3679781180896,13.5645660315909
1,C,uol-pc-8kmklh3.leeds.ac.uk,stats_only_no_weight_sync,0.3333,33330,66660,36.5565217391304,95.5507246376812,408.798505113141,71.5289855072464,163.063218593597,39.634819984436,163.063218593597,167.245842933655,1681.85449123211,408.798505113141,0.038037255263374,4.82203483840492,0.046699669966997,65928535,36.5565217391304,79.4,28.4710144927536,29.7,95.5507246376812,99,1594.55072463768,1618,15.5717844202899,15.80078125
1,D,uol-bcpqk000684.leeds.ac.uk,stats_only_no_weight_sync,0.3334,33340,66680,42.0619047619048,87.7142857142857,531.671486101394,60.4952380952381,125.415791034698,22.9748644828796,125.415791034698,129.579252719879,2902.30221160558,531.671486101394,0.022048814282994,4.8346195358821,0.045560887822436,65998942,42.0619047619048,59.1,39.5047619047619,40.5,87.7142857142857,97,1872,1872,11.4825492240692,11.4825492240692
2,B,uol-pc-055691.leeds.ac.uk,stats_only_no_weight_sync,0.334209896730833,33420,66840,22.6945945945946,92.2162162162162,488.889920377867,70.2297297297297,136.717893362045,39.0514109134674,136.717893362045,140.622807741165,1711.5898871902,488.889920377867,0.037334044850351,4.83180731836726,0.045915619389587,66054833,22.6945945945946,54.4,29.7702702702703,30.8,92.2162162162162,99,1667,1667,13.5727080280085,13.5727080280085
2,C,uol-pc-8kmklh3.leeds.ac.uk,stats_only_no_weight_sync,0.303992467727183,30399,60798,37.4523809523809,92.7619047619048,424.13499877499,72.5825396825397,143.345869064331,36.3547451496124,143.345869064331,147.02711224556,1672.35390455345,424.13499877499,0.038268152789066,4.8603754753682,0.043948814105727,60098312,37.4523809523809,74.1,27.4174603174603,28.3,92.7619047619048,99,1597.2380952381,1623,15.5980282738095,15.849609375
2,D,uol-bcpqk000684.leeds.ac.uk,stats_only_no_weight_sync,0.361797635541984,36181,72362,41.29,90.95,541.458872897789,60.74,133.642652511597,25.288158416748,133.642652511597,137.698043346405,2861.49741738708,541.458872897789,0.022339362558965,4.81087437270672,0.048132997982367,71602249,41.29,48.6,39.26,40.1,90.95,98,1778.4,1872,10.9084217628657,11.4825492240692
3,B,uol-pc-055691.leeds.ac.uk,stats_only_no_weight_sync,0.335346361109164,33534,67068,23.1108108108108,90.5945945945946,476.252878858677,70.7081081081081,140.824345588684,39.127293586731,140.824345588684,144.683430194855,1714.09759919466,476.252878858677,0.037335203804133,4.830892348763,0.044671080097811,66302624,23.1108108108108,58.1,29.2918918918919,30.3,90.5945945945946,99,1667.89189189189,1668,13.5799698085971,13.580850024426
3,C,uol-pc-8kmklh3.leeds.ac.uk,stats_only_no_weight_sync,0.297670013910083,29767,59534,37.6629032258065,95.1129032258065,410.462477432439,72.7193548387097,145.04127240181,35.7954909801483,145.04127240181,148.290714263916,1663.17037062061,410.462477432439,0.038407179163249,4.87716415374805,0.041052171868176,58848175,37.6629032258065,83.6,27.2806451612903,28.3,95.1129032258065,99,1592.53225806452,1619,15.5520728326613,15.810546875
3,D,uol-bcpqk000684.leeds.ac.uk,stats_only_no_weight_sync,0.366983624980753,36699,73398,41.5714285714286,88.7619047619048,543.061462858527,60.4809523809524,135.155972242355,25.3471252918243,135.155972242355,139.184589385986,2895.71299131402,543.061462858527,0.022079377431903,4.8024396314917,0.049810621542821,72604452,41.5714285714286,64.4,39.5190476190476,40.1,88.7619047619048,99,1813.76190476191,1858,11.1253260428259,11.3966754585046
4,B,uol-pc-055691.leeds.ac.uk,stats_only_no_weight_sync,0.334004398205282,33400,66800,22.7594594594595,92.1621621621622,486.476838097791,70.6081081081081,137.313834428787,39.1111056804657,137.313834428787,141.111595869064,1707.95478260702,486.476838097791,0.037462744904661,4.82621687614989,0.045973053892216,66020797,22.7594594594595,62,29.3918918918919,30.5,92.1621621621622,99,1667,1667,13.5727080280085,13.5727080280085
4,C,uol-pc-8kmklh3.leeds.ac.uk,stats_only_no_weight_sync,0.291708932465751,29170,58340,34.9868852459016,92.4754098360656,425.088106288864,72.8065573770492,137.242136716843,35.1765758991241,137.242136716843,140.375458240509,1658.49001811039,425.088106288864,0.038570806906934,4.86508229760467,0.042389441206719,57709242,34.9868852459016,77.8,27.1934426229508,28.4,92.4754098360656,99,1591.47540983607,1618,15.5417520491803,15.80078125
4,D,uol-bcpqk000684.leeds.ac.uk,stats_only_no_weight_sync,0.374286669328967,37430,74860,41.9906976744186,90.2093023255814,544.374469863955,60.553488372093,137.51563334465,25.9008994102478,137.51563334465,141.534148454666,2890.24712286174,544.374469863955,0.02213752086346,4.80942062350667,0.047555436815389,74025030,41.9906976744186,62.2,39.446511627907,40,90.2093023255814,99,1828.60465116279,1874,11.2163690803091,11.4948169048641
